,precision,recall,f1-score,support
Demo Request,0.8983702013986854,0.8981814908174289,0.8982758361969359,33324.0
No Outcome,1.0,1.0,1.0,38905.0
Sale,0.8778529771761826,0.8780742501170286,0.8779635997047651,27771.0
accuracy,0.93221,0.93221,0.93221,0.93221
macro avg,0.9254077261916227,0.9254185803114859,0.925413145300567,100000.0
weighted avg,0.9322114362056957,0.93221,0.9322107109282771,100000.0
